Date,Net_Worth,Regime,Confidence,Action,Agent_0_Act,Agent_1_Act,Agent_2_Act
2021-03-26,9990.092716282606,1,0.99,0.9907283717393875,1.0,1.0,-0.8543256521224976
2021-03-29,9963.8323168578,0,0.99,0.990960998237133,1.0,1.0,-0.8078003525733948
2021-03-30,9984.216903078952,2,0.99,-0.98,1.0,1.0,-1.0
2021-03-31,9877.45071855624,2,0.99,-0.8695968598127365,1.0,1.0,-0.8884816765785217
2021-04-01,9753.076257508948,2,0.99,-0.98,1.0,1.0,-1.0
2021-04-05,9739.496260747164,1,0.99,0.9912408193945884,1.0,1.0,-0.7518361210823059
2021-04-06,9750.668074071644,1,0.99,0.9911086612939835,1.0,1.0,-0.7782677412033081
2021-04-07,9777.320978152817,2,0.99,-0.98,1.0,1.0,-1.0
2021-04-08,9706.720894354547,2,0.99,-0.8839151191711425,1.0,1.0,-0.9029445648193359
2021-04-09,9685.394294705524,1,0.99,0.9909859663248062,1.0,1.0,-0.8028067350387573
2021-04-12,9713.836568270925,1,0.99,0.9905431237816811,1.0,1.0,-0.8913752436637878
2021-04-13,9680.972588159637,0,0.99,0.9901911467313766,1.0,1.0,-0.9617706537246704
2021-04-14,9765.660474165667,2,0.99,-0.8990295225381851,1.0,1.0,-0.9182116389274597
2021-04-15,9717.85437319772,1,0.99,0.9910924816131592,1.0,1.0,-0.7815036773681641
2021-04-16,9670.525636579734,0,0.99,0.9901164364814758,1.0,1.0,-0.976712703704834
2021-04-19,9600.416182129902,0,0.99,0.9906571426987648,1.0,1.0,-0.8685714602470398
2021-04-20,9673.74970192089,2,0.99,-0.7442798864841461,1.0,1.0,-0.7618988752365112
2021-04-21,9722.727577048838,0,0.99,0.9902808928489685,1.0,1.0,-0.9438214302062988
2021-04-22,9810.311080898431,2,0.99,-0.7385617172718048,1.0,1.0,-0.7561229467391968
2021-04-23,9778.222360799782,1,0.99,0.9904440599679947,1.0,1.0,-0.911188006401062
2021-04-26,9776.13137410376,1,0.99,0.9908287432789803,1.0,1.0,-0.834251344203949
2021-04-27,9773.345905964743,1,0.99,0.9909477767348289,1.0,1.0,-0.8104446530342102
2021-04-28,9816.055197400661,2,0.99,-0.9540967005491257,1.0,1.0,-0.9738350510597229
2021-04-29,9858.49371755229,0,0.99,0.9912746730446815,1.0,1.0,-0.7450653910636902
2021-04-30,9879.565147087222,1,0.99,0.9917510586977005,1.0,1.0,-0.6497882604598999
2021-05-03,9819.104715217414,0,0.99,0.9904188668727875,1.0,1.0,-0.9162266254425049
2021-05-04,9822.135155146212,1,0.99,0.9916985842585564,1.0,1.0,-0.6602831482887268
2021-05-05,9881.775934933577,2,0.99,-0.8553992730379104,1.0,1.0,-0.8741406798362732
2021-05-06,9820.248978224052,2,0.99,-0.8559867626428604,1.0,1.0,-0.874734103679657
2021-05-07,9885.360992273985,0,0.99,0.99,1.0,1.0,-1.0
2021-05-10,9797.995437906346,0,0.99,0.9922002458572388,1.0,1.0,-0.5599508285522461
2021-05-11,9591.449009655877,0,0.99,0.9910951721668243,1.0,1.0,-0.7809655666351318
2021-05-12,9692.986811368972,2,0.99,-0.32824534028768537,1.0,1.0,-0.3416619598865509
2021-05-13,9637.813668681756,2,0.99,-0.98,1.0,1.0,-1.0
2021-05-14,9642.864361678487,0,0.99,0.99,1.0,1.0,-1.0
2021-05-17,9560.61332333921,0,0.99,0.9905817094445228,1.0,1.0,-0.8836581110954285
2021-05-18,9535.767363219564,0,0.99,0.9921911072731018,1.0,1.0,-0.5617785453796387
2021-05-19,9619.641814570019,2,0.99,-0.8859944641590118,1.0,1.0,-0.9050449132919312
2021-05-20,9608.569880369552,1,0.99,0.9904298180341721,1.0,1.0,-0.9140363931655884
2021-05-21,9687.538178696215,2,0.99,-0.8880649578571319,1.0,1.0,-0.9071363210678101
2021-05-24,9688.43383441672,0,0.99,0.99,1.0,1.0,-1.0
2021-05-25,9707.454949009787,1,0.99,0.9913561472296715,1.0,1.0,-0.7287705540657043
2021-05-26,9712.496453203317,1,0.99,0.9902218890190124,1.0,1.0,-0.9556221961975098
2021-05-27,9729.697209137192,1,0.99,0.9900629442930221,1.0,1.0,-0.9874111413955688
2021-05-28,9721.205448792263,1,0.99,0.9909209990501404,1.0,1.0,-0.8158001899719238
2021-06-01,9736.347815018478,1,0.99,0.9913892984390259,1.0,1.0,-0.7221403121948242
2021-06-02,9700.513278427668,0,0.99,0.990326256453991,1.0,1.0,-0.9347487092018127
2021-06-03,9770.333879617741,2,0.99,-0.8694647985696793,1.0,1.0,-0.8883482813835144
2021-06-04,9760.406824728667,1,0.99,0.9901024839282035,1.0,1.0,-0.9795032143592834
2021-06-07,9762.465897231055,1,0.99,0.990285233259201,1.0,1.0,-0.94295334815979
2021-06-08,9748.034165036881,1,0.99,0.9912150403857231,1.0,1.0,-0.7569919228553772
2021-06-09,9775.239041789542,2,0.99,-0.8254599034786224,1.0,1.0,-0.8438988924026489
2021-06-10,9744.15854601766,1,0.99,0.99,1.0,1.0,-1.0
2021-06-11,9765.752369918044,1,0.99,0.9903910082578659,1.0,1.0,-0.9217983484268188
2021-06-14,9748.005964046053,1,0.99,0.9911201274394988,1.0,1.0,-0.7759745121002197
2021-06-15,9694.062288880594,0,0.99,0.9909994834661484,1.0,1.0,-0.8001033067703247
2021-06-16,9690.867973823015,1,0.99,0.9917816841602325,1.0,1.0,-0.6436631679534912
2021-06-17,9561.194167978221,0,0.99,0.9902283066511154,1.0,1.0,-0.9543386697769165
2021-06-18,9683.394132598334,2,0.99,-0.405213323533535,1.0,1.0,-0.4194073975086212
2021-06-21,9656.850830504112,2,0.99,-0.98,1.0,1.0,-1.0
2021-06-22,9649.232814322208,1,0.99,0.9904063159227371,1.0,1.0,-0.9187368154525757
2021-06-23,9687.14891200853,2,0.99,-0.9392467737197876,1.0,1.0,-0.9588351249694824
2021-06-24,9654.265966727275,2,0.99,-0.8809877616167068,1.0,1.0,-0.8999876379966736
2021-06-25,9619.048756649274,1,0.99,0.9908954000473023,1.0,1.0,-0.8209199905395508
2021-06-28,9624.175183069188,1,0.99,0.9905700856447219,1.0,1.0,-0.885982871055603
2021-06-29,9632.195168959135,1,0.99,0.9910317647457123,1.0,1.0,-0.793647050857544
2021-06-30,9666.061717785227,2,0.99,-0.98,1.0,1.0,-1.0
2021-07-01,9593.17410035818,2,0.99,-0.9299348628520966,1.0,1.0,-0.9494291543960571
2021-07-02,9590.996572216045,1,0.99,0.9908072471618652,1.0,1.0,-0.8385505676269531
2021-07-06,9624.575433161008,1,0.99,0.991314127445221,1.0,1.0,-0.7371745109558105
2021-07-07,9546.823138854117,0,0.99,0.9902093598246574,1.0,1.0,-0.958128035068512
2021-07-08,9631.261348076183,2,0.99,-0.7356099891662597,1.0,1.0,-0.7531414031982422
2021-07-09,9603.530908931447,2,0.99,-0.98,1.0,1.0,-1.0
2021-07-12,9616.692856483802,0,0.99,0.9903325343132019,1.0,1.0,-0.9334931373596191
2021-07-13,9630.893515555434,1,0.99,0.9915656292438507,1.0,1.0,-0.6868741512298584
2021-07-14,9598.2612266153,0,0.99,0.99,1.0,1.0,-1.0
2021-07-15,9523.724527409766,0,0.99,0.9906846207380294,1.0,1.0,-0.863075852394104
2021-07-16,9384.379217681913,0,0.99,0.99165482878685,1.0,1.0,-0.6690342426300049
2021-07-19,9503.126438562598,2,0.99,-0.5653606235980987,1.0,1.0,-0.5811723470687866
2021-07-20,9456.055632767502,2,0.99,-0.9411552298069,1.0,1.0,-0.9607628583908081
2021-07-21,9419.155966581015,1,0.99,0.9902313059568405,1.0,1.0,-0.953738808631897
2021-07-22,9497.214931037191,2,0.99,-0.9100173366069794,1.0,1.0,-0.9293104410171509
2021-07-23,9457.939352356561,1,0.99,0.9915391021966934,1.0,1.0,-0.6921795606613159
2021-07-26,9415.184210917056,0,0.99,0.9900122073292732,1.0,1.0,-0.9975585341453552
2021-07-27,9411.34535421722,1,0.99,0.9916757798194885,1.0,1.0,-0.6648440361022949
2021-07-28,9431.497206347363,2,0.99,-0.98,1.0,1.0,-1.0
2021-07-29,9457.796443213774,0,0.99,0.9907487320899964,1.0,1.0,-0.8502535820007324
2021-07-30,9438.130445509618,0,0.99,0.9900372862815857,1.0,1.0,-0.9925427436828613
2021-08-02,9498.056647420579,2,0.99,-0.7149424046278,1.0,1.0,-0.732265055179596
2021-08-03,9515.2618595942,0,0.99,0.9902520847320556,1.0,1.0,-0.9495830535888672
2021-08-04,9556.644705560808,2,0.99,-0.9316517770290375,1.0,1.0,-0.9511634111404419
2021-08-05,9523.557495476542,1,0.99,0.991084998846054,1.0,1.0,-0.7830002307891846
2021-08-06,9515.868737383276,1,0.99,0.99,1.0,1.0,-1.0
2021-08-09,9527.579212394246,1,0.99,0.990708287358284,1.0,1.0,-0.8583425283432007
2021-08-10,9551.032541047123,1,0.99,0.9909609404206275,1.0,1.0,-0.8078119158744812
2021-08-11,9579.394510854696,1,0.99,0.9903725627064704,1.0,1.0,-0.9254874587059021
2021-08-12,9596.656993045292,1,0.99,0.9902241304516792,1.0,1.0,-0.955173909664154
2021-08-13,9619.030218648739,1,0.99,0.9905908530950546,1.0,1.0,-0.8818293809890747
2021-08-16,9556.561304843775,0,0.99,0.99,1.0,1.0,-1.0
2021-08-17,9453.00264010502,0,0.99,0.9909745633602143,1.0,1.0,-0.8050873279571533
2021-08-18,9467.476892996205,1,0.99,0.9939881185442209,1.0,1.0,-0.20237629115581512
2021-08-19,9524.118823640763,2,0.99,-0.9324935936927795,1.0,1.0,-0.9520137310028076
2021-08-20,9445.542783791669,2,0.99,-0.98,1.0,1.0,-1.0
2021-08-23,9412.238394666356,1,0.99,0.9902425366640091,1.0,1.0,-0.9514926671981812
2021-08-24,9431.786624565324,1,0.99,0.9911982607841492,1.0,1.0,-0.760347843170166
2021-08-25,9376.587619442891,0,0.99,0.9901162886619568,1.0,1.0,-0.9767422676086426
2021-08-26,9443.702390018572,2,0.99,-0.7049346053600312,1.0,1.0,-0.7221561670303345
2021-08-27,9411.82922469402,2,0.99,-0.98,1.0,1.0,-1.0
2021-08-30,9406.945079452107,1,0.99,0.9908914351463318,1.0,1.0,-0.8217129707336426
2021-08-31,9411.897674910259,1,0.99,0.9912509742379189,1.0,1.0,-0.7498051524162292
2021-09-01,9440.596750562838,1,0.99,0.9908441242575645,1.0,1.0,-0.8311751484870911
2021-09-02,9438.32332447712,1,0.99,0.9909975129365921,1.0,1.0,-0.8004974126815796
2021-09-03,9404.875879760042,0,0.99,0.9904921138286591,1.0,1.0,-0.9015772342681885
2021-09-07,9393.512518626396,1,0.99,0.9920332580804825,1.0,1.0,-0.5933483839035034
2021-09-08,9353.608894221486,0,0.99,0.9900787502527237,1.0,1.0,-0.9842499494552612
2021-09-09,9280.586909543612,0,0.99,0.9904560869932174,1.0,1.0,-0.9087826013565063
2021-09-10,9304.08734937065,1,0.99,0.9930716903507709,1.0,1.0,-0.38566192984580994
2021-09-13,9254.20192397711,0,0.99,0.9904506796598435,1.0,1.0,-0.909864068031311
2021-09-14,9313.469191937862,2,0.99,-0.8779211437702179,1.0,1.0,-0.8968900442123413
2021-09-15,9309.026747492078,1,0.99,0.9906002020835877,1.0,1.0,-0.8799595832824707
2021-09-16,9219.196710137041,0,0.99,0.9908080458641052,1.0,1.0,-0.8383908271789551
2021-09-17,9066.873634899588,0,0.99,0.9921714699268341,1.0,1.0,-0.5657060146331787
2021-09-20,9058.372655927633,1,0.99,0.9918164938688279,1.0,1.0,-0.636701226234436
2021-09-21,9130.029591334707,2,0.99,-0.7728188049793243,1.0,1.0,-0.7907260656356812
2021-09-22,9042.582472195636,2,0.99,-0.9611979132890701,1.0,1.0,-0.981007993221283
2021-09-23,9010.614573512315,1,0.99,0.9905661046504974,1.0,1.0,-0.8867790699005127
2021-09-24,8985.072515787373,0,0.99,0.99,1.0,1.0,-1.0
2021-09-27,8805.805141937832,0,0.99,0.9912730208039283,1.0,1.0,-0.745395839214325
2021-09-28,8820.479882406617,1,0.99,0.9933035291731358,1.0,1.0,-0.3392941653728485
2021-09-29,8713.374709809046,0,0.99,0.9910279160737991,1.0,1.0,-0.7944167852401733
2021-09-30,8801.178255736128,2,0.99,-0.7097390854358673,1.0,1.0,-0.7270091772079468
2021-10-01,8866.775316818077,0,0.99,0.99,1.0,1.0,-1.0
2021-10-04,8942.148907438659,2,0.99,-0.8103747683763504,1.0,1.0,-0.8286613821983337
2021-10-05,8911.006045626802,2,0.99,-0.9252311104536056,1.0,1.0,-0.9446778893470764
2021-10-06,8839.491256338575,2,0.99,-0.9513340359926223,1.0,1.0,-0.9710444808006287
2021-10-07,8837.657889519705,1,0.99,0.9908510178327561,1.0,1.0,-0.8297964334487915
2021-10-08,8774.255798573515,0,0.99,0.9902896773815155,1.0,1.0,-0.9420645236968994
2021-10-11,8752.861064022156,0,0.99,0.9908358877897262,1.0,1.0,-0.8328224420547485
2021-10-12,8767.260121652902,2,0.99,-0.9287982982397079,1.0,1.0,-0.9482811093330383
2021-10-13,8629.948474909288,2,0.99,-0.9677342367172241,1.0,1.0,-0.9876103401184082
2021-10-14,8566.238793301098,2,0.99,-0.98,1.0,1.0,-1.0
2021-10-15,8524.501668698413,1,0.99,0.9910107955336571,1.0,1.0,-0.7978408932685852
2021-10-18,8572.873521424091,2,0.99,-0.98,1.0,1.0,-1.0
2021-10-19,8539.697656758295,2,0.99,-0.9594927418231964,1.0,1.0,-0.9792855978012085
2021-10-20,8501.672077666339,1,0.99,0.9909215998649598,1.0,1.0,-0.8156800270080566
2021-10-21,8492.936211370345,1,0.99,0.99,1.0,1.0,-1.0
2021-10-22,8521.419093647168,2,0.99,-0.9653819179534912,1.0,1.0,-0.985234260559082
2021-10-25,8497.348225358492,1,0.99,0.9905003556609153,1.0,1.0,-0.899928867816925
2021-10-26,8460.056063874983,0,0.99,0.9910190865397454,1.0,1.0,-0.7961826920509338
2021-10-27,8525.963133295312,2,0.99,-0.7808886438608169,1.0,1.0,-0.7988774180412292
2021-10-28,8497.346791720816,1,0.99,0.9909066587686539,1.0,1.0,-0.8186682462692261
2021-10-29,8511.822770206341,1,0.99,0.990082619190216,1.0,1.0,-0.9834761619567871
2021-11-01,8529.127144344213,2,0.99,-0.98,1.0,1.0,-1.0
2021-11-02,8477.851726503326,2,0.99,-0.9512852358818054,1.0,1.0,-0.9709951877593994
2021-11-03,8439.603289627588,2,0.99,-0.98,1.0,1.0,-1.0
2021-11-04,8394.267171209007,1,0.99,0.9915040111541747,1.0,1.0,-0.6991977691650391
2021-11-05,8401.371949264674,1,0.99,0.9915351819992065,1.0,1.0,-0.6929636001586914
2021-11-08,8373.831605164727,0,0.99,0.990573268532753,1.0,1.0,-0.8853462934494019
2021-11-09,8307.098366265394,0,0.99,0.9907925245165825,1.0,1.0,-0.8414950966835022
2021-11-10,8309.75101739203,1,0.99,0.9916776078939438,1.0,1.0,-0.6644784212112427
2021-11-11,8355.558623023437,2,0.99,-0.98,1.0,1.0,-1.0
2021-11-12,8336.290451357156,1,0.99,0.9903948768973351,1.0,1.0,-0.9210246205329895
2021-11-15,8352.542007433238,2,0.99,-0.98,1.0,1.0,-1.0
2021-11-16,8355.968995531035,0,0.99,0.9904694667458535,1.0,1.0,-0.9061066508293152
2021-11-17,8384.06917138249,1,0.99,0.9915698093175888,1.0,1.0,-0.6860381364822388
2021-11-18,8369.201958390786,1,0.99,0.9915279549360275,1.0,1.0,-0.6944090127944946
2021-11-19,8345.836790781303,0,0.99,0.9908740466833115,1.0,1.0,-0.8251906633377075
2021-11-22,8356.794601581965,1,0.99,0.9917985102534294,1.0,1.0,-0.6402979493141174
2021-11-23,8378.911504356198,1,0.99,0.9906370747089386,1.0,1.0,-0.8725850582122803
2021-11-24,8193.783035735103,0,0.99,0.9902239376306534,1.0,1.0,-0.9552124738693237
2021-11-26,8280.196827957778,2,0.99,-0.6101269066333771,1.0,1.0,-0.626390814781189
2021-11-29,8365.245631945783,0,0.99,0.9901333180069923,1.0,1.0,-0.973336398601532
2021-11-30,8273.239345054737,0,0.99,0.9911583751440048,1.0,1.0,-0.7683249711990356
2021-12-01,8387.94876788634,2,0.99,-0.32470057576894756,1.0,1.0,-0.33808138966560364
2021-12-02,8400.616033296406,0,0.99,0.9904889076948166,1.0,1.0,-0.9022184610366821
2021-12-03,8485.41283177452,2,0.99,-0.6460624349117279,1.0,1.0,-0.6626893281936646
2021-12-06,8369.833567042493,2,0.99,-0.9033040463924408,1.0,1.0,-0.9225293397903442
2021-12-07,8333.965738375706,1,0.99,0.9900855031609536,1.0,1.0,-0.9828993678092957
2021-12-08,8278.256036927052,0,0.99,0.99,1.0,1.0,-1.0
2021-12-09,8341.374753021344,2,0.99,-0.704510451555252,1.0,1.0,-0.721727728843689
2021-12-10,8379.295163054469,0,0.99,0.99,1.0,1.0,-1.0
2021-12-13,8322.208964358086,0,0.99,0.9913304024934768,1.0,1.0,-0.7339195013046265
2021-12-14,8437.64585916663,2,0.99,-0.6273626691102981,1.0,1.0,-0.643800675868988
2021-12-15,8470.679476002817,0,0.99,0.99,1.0,1.0,-1.0
2021-12-16,8381.413785931578,0,0.99,0.9917046651244164,1.0,1.0,-0.6590669751167297
2021-12-17,8293.025243962,0,0.99,0.9911645740270615,1.0,1.0,-0.7670851945877075
2021-12-20,8422.652067540379,2,0.99,-0.98,1.0,1.0,-1.0
2021-12-21,8339.593801026864,2,0.99,-0.9175745087862015,1.0,1.0,-0.9369439482688904
2021-12-22,8291.461226895932,2,0.99,-0.98,1.0,1.0,-1.0
2021-12-23,8176.096618741975,2,0.99,-0.9354657387733459,1.0,1.0,-0.9550158977508545
2021-12-27,8166.601659119352,1,0.99,0.9903091630339622,1.0,1.0,-0.93816739320755
2021-12-28,8176.943184057864,1,0.99,0.990802403986454,1.0,1.0,-0.839519202709198
2021-12-29,8154.539634616553,0,0.99,0.99007388651371,1.0,1.0,-0.9852226972579956
2021-12-30,8134.188894703343,0,0.99,0.9905654382705689,1.0,1.0,-0.8869123458862305
2021-12-31,8164.851482454022,2,0.99,-0.9751974081993103,1.0,1.0,-0.9951488971710205
2022-01-03,8151.468854079784,1,0.99,0.9905235058069229,1.0,1.0,-0.8952988386154175
2022-01-04,7996.425774539616,0,0.99,0.9906626495718955,1.0,1.0,-0.8674700856208801
2022-01-05,7988.965405463473,1,0.99,0.9929337973892689,1.0,1.0,-0.413240522146225
2022-01-06,7957.583982926474,0,0.99,0.9903732880949974,1.0,1.0,-0.9253423810005188
2022-01-07,7947.77594012707,1,0.99,0.9903434157371521,1.0,1.0,-0.9313168525695801
2022-01-10,8004.317384994779,2,0.99,-0.9159007889032363,1.0,1.0,-0.9352533221244812
2022-01-11,7969.238002691659,1,0.99,0.9905075567960739,1.0,1.0,-0.8984886407852173
2022-01-12,7860.473044491998,0,0.99,0.9902036824822426,1.0,1.0,-0.9592635035514832
2022-01-13,7863.637750563911,1,0.99,0.9926560522615909,1.0,1.0,-0.46878954768180847
2022-01-14,7725.378266445918,0,0.99,0.9901178175210953,1.0,1.0,-0.9764364957809448
2022-01-18,7645.9405979552075,0,0.99,0.9918752524256707,1.0,1.0,-0.6249495148658752
2022-01-19,7561.998169000695,0,0.99,0.9912962716817856,1.0,1.0,-0.7407456636428833
2022-01-20,7414.84135594605,0,0.99,0.9916711634397507,1.0,1.0,-0.6657673120498657
2022-01-21,7434.769877151283,2,0.99,-0.5319753289222717,1.0,1.0,-0.5474498271942139
2022-01-24,7471.733804418723,0,0.99,0.9911420726776123,1.0,1.0,-0.7715854644775391
2022-01-25,7453.150305787692,0,0.99,0.9904379260540008,1.0,1.0,-0.9124147891998291
2022-01-26,7416.690985548706,0,0.99,0.9913926488161087,1.0,1.0,-0.7214702367782593
2022-01-27,7585.36613958231,2,0.99,-0.887560670375824,1.0,1.0,-0.9066269397735596
2022-01-28,7463.703767414426,2,0.99,-0.9406052696704864,1.0,1.0,-0.9602073431015015
2022-01-31,7415.973808445503,2,0.99,-0.98,1.0,1.0,-1.0
2022-02-01,7345.375585371563,2,0.99,-0.98,1.0,1.0,-1.0
2022-02-02,7500.095821229956,0,0.99,0.9912646675109863,1.0,1.0,-0.7470664978027344
2022-02-03,7522.489002307602,2,0.99,-0.6841808092594147,1.0,1.0,-0.7011927366256714
2022-02-04,7526.407599601364,0,0.99,0.9906194454431534,1.0,1.0,-0.8761109113693237
2022-02-07,7573.372658971899,2,0.99,-0.9199761587381363,1.0,1.0,-0.9393698573112488
2022-02-08,7471.268548671905,2,0.99,-0.9370960283279419,1.0,1.0,-0.956662654876709
2022-02-09,7582.651697513256,0,0.99,0.9902919402718544,1.0,1.0,-0.9416119456291199
2022-02-10,7434.565568906524,0,0.99,0.9925999826192856,1.0,1.0,-0.4800034761428833
2022-02-11,7410.433195847195,0,0.99,0.9916689044237137,1.0,1.0,-0.6662191152572632
2022-02-14,7515.1089457253365,2,0.99,-0.8754306268692016,1.0,1.0,-0.8943743705749512
2022-02-15,7493.713049444174,1,0.99,0.9904754096269608,1.0,1.0,-0.9049180746078491
2022-02-16,7335.160878512981,0,0.99,0.9904059252142906,1.0,1.0,-0.9188149571418762
2022-02-17,7288.107359643269,0,0.99,0.9924075257778168,1.0,1.0,-0.5184948444366455
2022-02-18,7210.478584845828,0,0.99,0.9912208908796311,1.0,1.0,-0.7558218240737915
2022-02-22,7083.688534265631,0,0.99,0.9901952630281449,1.0,1.0,-0.9609473943710327
2022-02-23,7178.072719047483,2,0.99,-0.5874320816993713,1.0,1.0,-0.6034667491912842
2022-02-24,7082.219583303885,2,0.99,-0.98,1.0,1.0,-1.0
2022-02-25,7086.023951715142,0,0.99,0.9900226804614067,1.0,1.0,-0.9954639077186584
2022-02-28,6979.176046382183,0,0.99,0.9903524619340897,1.0,1.0,-0.9295076131820679
2022-03-01,7095.277488933414,2,0.99,-0.5930033195018768,1.0,1.0,-0.6090942621231079
2022-03-02,7104.991153442782,0,0.99,0.9902252268791198,1.0,1.0,-0.9549546241760254
2022-03-03,7047.823355203568,0,0.99,0.9909311845898628,1.0,1.0,-0.8137630820274353
2022-03-04,6841.944500600656,0,0.99,0.9909219619631767,1.0,1.0,-0.8156076073646545
2022-03-07,6790.541347542346,0,0.99,0.9910463300347329,1.0,1.0,-0.7907339930534363
2022-03-08,6958.365246542158,2,0.99,-0.8652604949474334,1.0,1.0,-0.8841015100479126
2022-03-09,6972.638822372714,0,0.99,0.9906626570224761,1.0,1.0,-0.8674685955047607
2022-03-10,6884.807193523512,0,0.99,0.9901711523532868,1.0,1.0,-0.9657695293426514
2022-03-11,6834.977815228183,0,0.99,0.991160015463829,1.0,1.0,-0.7679969072341919
2022-03-14,6971.9894427483405,2,0.99,-0.759249541759491,1.0,1.0,-0.777019739151001
2022-03-15,6853.389464809332,2,0.99,-0.9343351340293884,1.0,1.0,-0.953873872756958
2022-03-16,6773.233559194428,2,0.99,-0.9277271741628647,1.0,1.0,-0.9471991658210754
2022-03-17,6703.865512676182,2,0.99,-0.8474670422077178,1.0,1.0,-0.8661283254623413
2022-03-18,6693.207282023461,1,0.99,0.9903007197380066,1.0,1.0,-0.9398560523986816
2022-03-21,6757.866508357879,2,0.99,-0.9374048203229904,1.0,1.0,-0.9569745659828186
2022-03-22,6826.421259714066,0,0.99,0.9905847346782685,1.0,1.0,-0.8830530643463135
2022-03-23,6916.339570343665,2,0.99,-0.7697672343254089,1.0,1.0,-0.7876436710357666
2022-03-24,6889.024332379592,2,0.99,-0.9598654401302338,1.0,1.0,-0.9796620607376099
2022-03-25,6841.697802496151,2,0.99,-0.9176577109098434,1.0,1.0,-0.9370279908180237
2022-03-28,6763.604122707236,2,0.99,-0.98,1.0,1.0,-1.0
2022-03-29,6791.204295996559,0,0.99,0.990405630171299,1.0,1.0,-0.9188739657402039
2022-03-30,6687.679578902881,0,0.99,0.9906115001440048,1.0,1.0,-0.8776999711990356
2022-03-31,6706.447030170643,1,0.99,0.9917060008645058,1.0,1.0,-0.6587998270988464
2022-04-01,6750.2099563451075,2,0.99,-0.9783300566673279,1.0,1.0,-0.9983131885528564
2022-04-04,6820.338570368308,0,0.99,0.99,1.0,1.0,-1.0
2022-04-05,6752.807800371747,0,0.99,0.9919505995512009,1.0,1.0,-0.6098800897598267
2022-04-06,6774.444022328366,2,0.99,-0.8024659049510956,1.0,1.0,-0.8206726312637329
2022-04-07,6776.832988214507,0,0.99,0.9906864866614342,1.0,1.0,-0.8627026677131653
2022-04-08,6662.081161828555,0,0.99,0.9906901121139526,1.0,1.0,-0.8619775772094727
2022-04-11,6637.619844011947,0,0.99,0.991563413143158,1.0,1.0,-0.6873173713684082
2022-04-12,6700.614601565862,2,0.99,-0.8747195732593536,1.0,1.0,-0.8936561346054077
2022-04-13,6761.100192711735,0,0.99,0.990238371193409,1.0,1.0,-0.9523257613182068
2022-04-14,6763.8431618914465,1,0.99,0.9919301497936248,1.0,1.0,-0.6139700412750244
2022-04-18,6858.809273971224,2,0.99,-0.98,1.0,1.0,-1.0
2022-04-19,6850.275335977894,1,0.99,0.9907351976633072,1.0,1.0,-0.852960467338562
2022-04-20,6748.785160859627,0,0.99,0.990340284705162,1.0,1.0,-0.9319430589675903
2022-04-21,6565.381908730513,0,0.99,0.9919758784770966,1.0,1.0,-0.6048243045806885
2022-04-22,6594.674769717012,2,0.99,-0.2972402164340019,1.0,1.0,-0.3103436529636383
2022-04-25,6642.953846924082,0,0.99,0.990117996931076,1.0,1.0,-0.97640061378479
2022-04-26,6661.422037817745,1,0.99,0.9939730349183082,1.0,1.0,-0.2053930163383484
2022-04-27,6816.8349209365715,2,0.99,-0.7827298301458359,1.0,1.0,-0.800737202167511
2022-04-28,7001.930008227608,0,0.99,0.9908477753400803,1.0,1.0,-0.8304449319839478
2022-04-29,7032.9647760913695,2,0.99,-0.5411934161186218,1.0,1.0,-0.5567610263824463
2022-05-02,7013.22167825923,2,0.99,-0.8674763268232345,1.0,1.0,-0.8863397240638733
2022-05-03,6827.600493311418,2,0.99,-0.9177077502012253,1.0,1.0,-0.9370785355567932
2022-05-04,7037.277661022428,0,0.99,0.99,1.0,1.0,-1.0
2022-05-05,6995.674269243662,0,0.99,0.9927542413771152,1.0,1.0,-0.4491517245769501
2022-05-06,6773.296786445548,0,0.99,0.9902158182859421,1.0,1.0,-0.9568363428115845
2022-05-09,6788.7774176647345,1,0.99,0.9925764764845371,1.0,1.0,-0.4847047030925751
2022-05-10,6681.717819585601,0,0.99,0.9907475823163986,1.0,1.0,-0.8504835367202759
2022-05-11,6674.80456794634,1,0.99,0.9910392260551453,1.0,1.0,-0.7921547889709473
2022-05-12,6820.335159104385,2,0.99,-0.8996212607622146,1.0,1.0,-0.9188093543052673
2022-05-13,6832.340004539523,0,0.99,0.9903946670889854,1.0,1.0,-0.9210665822029114
2022-05-16,6958.317550018691,2,0.99,-0.9440020996332168,1.0,1.0,-0.9636384844779968
2022-05-17,7209.64892377336,0,0.99,0.9907244819402694,1.0,1.0,-0.855103611946106
2022-05-18,7165.890862614459,0,0.99,0.9924527317285537,1.0,1.0,-0.5094536542892456
2022-05-19,7168.98034227675,1,0.99,0.9904371440410614,1.0,1.0,-0.9125711917877197
2022-05-20,7288.855888904158,2,0.99,-0.8191146498918533,1.0,1.0,-0.8374895453453064
2022-05-23,7321.239257584853,0,0.99,0.9908805531263352,1.0,1.0,-0.8238893747329712
2022-05-24,7372.339585955243,2,0.99,-0.7837028819322586,1.0,1.0,-0.8017200827598572
2022-05-25,7256.518987910388,2,0.99,-0.834387019276619,1.0,1.0,-0.8529161810874939
2022-05-26,7107.812768851078,2,0.99,-0.8249274098873138,1.0,1.0,-0.8433610200881958
2022-05-27,7127.807678402985,0,0.99,0.9904276731610298,1.0,1.0,-0.9144653677940369
2022-05-31,7070.707357609164,0,0.99,0.9904608297348022,1.0,1.0,-0.9078340530395508
2022-06-01,7191.061976907044,2,0.99,-0.849652071595192,1.0,1.0,-0.8683354258537292
2022-06-02,7278.101887711391,0,0.99,0.9906204146146774,1.0,1.0,-0.8759170770645142
2022-06-03,7300.0486350881965,1,0.99,0.9914429974555969,1.0,1.0,-0.7114005088806152
2022-06-06,7356.242142684773,2,0.99,-0.8208907496929169,1.0,1.0,-0.8392835855484009
2022-06-07,7408.569965861325,0,0.99,0.990423292517662,1.0,1.0,-0.9153414964675903
2022-06-08,7234.058250912157,0,0.99,0.9907988834381103,1.0,1.0,-0.8402233123779297
2022-06-09,7026.223396950138,0,0.99,0.9917900562286377,1.0,1.0,-0.6419887542724609
2022-06-10,6761.638433116169,0,0.99,0.9913789576292038,1.0,1.0,-0.7242084741592407
2022-06-13,6741.435618971455,0,0.99,0.9918955218791962,1.0,1.0,-0.6208956241607666
2022-06-14,6824.674429779001,2,0.99,-0.8014016258716583,1.0,1.0,-0.819597601890564
2022-06-15,6993.459819777682,0,0.99,0.9902869886159896,1.0,1.0,-0.942602276802063
2022-06-16,7008.377177370587,1,0.99,0.992190409898758,1.0,1.0,-0.5619180202484131
2022-06-17,7170.239656576125,2,0.99,-0.8892120260000229,1.0,1.0,-0.9082949757575989
2022-06-21,7168.312463275291,1,0.99,0.9915489155054092,1.0,1.0,-0.6902168989181519
2022-06-22,7224.210532815801,2,0.99,-0.9301770931482315,1.0,1.0,-0.9496738314628601
2022-06-23,7009.321135353126,2,0.99,-0.758451155424118,1.0,1.0,-0.7762132883071899
2022-06-24,7017.37000522707,0,0.99,0.9904127728939056,1.0,1.0,-0.9174454212188721
2022-06-27,6875.360543131888,0,0.99,0.9904971677064895,1.0,1.0,-0.9005664587020874
2022-06-28,6869.801155790902,1,0.99,0.9922032725811004,1.0,1.0,-0.5593454837799072
2022-06-29,6814.415912857146,0,0.99,0.9908012476563454,1.0,1.0,-0.8397504687309265
2022-06-30,6873.365702916333,2,0.99,-0.8375580823421478,1.0,1.0,-0.8561192750930786
2022-07-01,6849.9287009008085,1,0.99,0.9903447127342224,1.0,1.0,-0.9310574531555176
2022-07-05,6872.832625139772,1,0.99,0.9913648289442062,1.0,1.0,-0.7270342111587524
2022-07-06,6962.027825054525,2,0.99,-0.8783641803264618,1.0,1.0,-0.8973375558853149
2022-07-07,6954.040934001335,1,0.99,0.9913893643021583,1.0,1.0,-0.7221271395683289
2022-07-08,6875.277365785801,0,0.99,0.9902462947368622,1.0,1.0,-0.9507410526275635
2022-07-11,6815.025921201132,0,0.99,0.9910220927000045,1.0,1.0,-0.7955814599990845
2022-07-12,6779.556518216256,0,0.99,0.991069650053978,1.0,1.0,-0.7860699892044067
2022-07-13,6763.237081830022,0,0.99,0.9906436097621918,1.0,1.0,-0.8712780475616455
2022-07-14,6878.546921597485,2,0.99,-0.886155144572258,1.0,1.0,-0.9052072167396545
2022-07-15,6915.969800290153,0,0.99,0.9901739940047264,1.0,1.0,-0.965201199054718
2022-07-18,7088.895952471364,2,0.99,-0.7594898837804794,1.0,1.0,-0.7772625088691711
2022-07-19,7054.057368004598,2,0.99,-0.8334943372011184,1.0,1.0,-0.8520144820213318
2022-07-20,6994.061193586433,2,0.99,-0.8157857978343963,1.0,1.0,-0.8341270685195923
2022-07-21,7034.364247615271,0,0.99,0.9905949825048447,1.0,1.0,-0.8810034990310669
2022-07-22,7042.825133849701,1,0.99,0.9912310230731964,1.0,1.0,-0.7537953853607178
2022-07-25,6960.226250734129,0,0.99,0.9905072170495987,1.0,1.0,-0.8985565900802612
2022-07-26,7127.234219139582,2,0.99,-0.7347799742221832,1.0,1.0,-0.7523030042648315
2022-07-27,7060.503136598225,2,0.99,-0.8817263722419738,1.0,1.0,-0.9007337093353271
2022-07-28,6969.709720940518,2,0.99,-0.8864302426576615,1.0,1.0,-0.9054850935935974
2022-07-29,6974.924210716169,0,0.99,0.9905888003110885,1.0,1.0,-0.8822399377822876
2022-08-01,6929.337321171877,0,0.99,0.991196964085102,1.0,1.0,-0.7606071829795837
2022-08-02,7024.276458343309,2,0.99,-0.8294324803352355,1.0,1.0,-0.8479115962982178
2022-08-03,7015.428639281056,1,0.99,0.9904422664642334,1.0,1.0,-0.9115467071533203
2022-08-04,7003.682632275719,1,0.99,0.9908975961804389,1.0,1.0,-0.8204807639122009
2022-08-05,6995.624370954479,1,0.99,0.9909577971696854,1.0,1.0,-0.8084405660629272
2022-08-08,6968.094020367191,0,0.99,0.9906135296821594,1.0,1.0,-0.8772940635681152
2022-08-09,7100.597692301546,2,0.99,-0.8004835110902786,1.0,1.0,-0.8186702132225037
2022-08-10,7087.884107738856,1,0.99,0.9900114744901657,1.0,1.0,-0.9977051019668579
2022-08-11,7193.745160453053,2,0.99,-0.8342711853981017,1.0,1.0,-0.8527991771697998
2022-08-12,7168.434773158907,2,0.99,-0.9147583824396133,1.0,1.0,-0.9340993762016296
2022-08-15,7141.92917475782,1,0.99,0.9910137850046158,1.0,1.0,-0.7972429990768433
2022-08-16,7091.686633304162,0,0.99,0.9904243469238281,1.0,1.0,-0.915130615234375
2022-08-17,7112.09535910039,1,0.99,0.9912796926498413,1.0,1.0,-0.7440614700317383
2022-08-18,7017.348322427105,0,0.99,0.9902203550934792,1.0,1.0,-0.9559289813041687
2022-08-19,6872.651796658597,0,0.99,0.9910493695735931,1.0,1.0,-0.7901260852813721
2022-08-22,6856.171712663745,0,0.99,0.9916357737779617,1.0,1.0,-0.6728452444076538
2022-08-23,6877.934631101821,1,0.99,0.9915303730964661,1.0,1.0,-0.6939253807067871
2022-08-24,6960.844870782862,2,0.99,-0.9518521904945373,1.0,1.0,-0.9715678691864014
2022-08-25,7171.596375541507,0,0.99,0.9906809782981872,1.0,1.0,-0.8638043403625488
2022-08-26,7124.604432980639,0,0.99,0.9925070413947106,1.0,1.0,-0.49859172105789185
2022-08-29,7046.965700607062,0,0.99,0.9907171881198883,1.0,1.0,-0.8565623760223389
2022-08-30,6993.839840522016,0,0.99,0.9910694205760956,1.0,1.0,-0.7861158847808838
2022-08-31,7015.585222029215,1,0.99,0.9915703222155571,1.0,1.0,-0.6859355568885803
2022-09-01,6942.226918976055,0,0.99,0.9904426962137223,1.0,1.0,-0.9114607572555542
2022-09-02,6916.279576196636,0,0.99,0.9908510029315949,1.0,1.0,-0.8297994136810303
2022-09-06,7027.825595292519,2,0.99,-0.6816631484031677,1.0,1.0,-0.6986496448516846
2022-09-07,6994.72952412884,2,0.99,-0.9354074382781983,1.0,1.0,-0.9549570083618164
2022-09-08,6892.6784603575,2,0.99,-0.8774981701374054,1.0,1.0,-0.8964627981185913
2022-09-09,6827.4565105425045,2,0.99,-0.8461424171924591,1.0,1.0,-0.8647903203964233
2022-09-12,7066.109885303818,0,0.99,0.9913328093290329,1.0,1.0,-0.7334381341934204
2022-09-13,7082.200276357526,2,0.99,-0.5143175959587097,1.0,1.0,-0.529613733291626
2022-09-14,7112.894688858191,0,0.99,0.9909016680717468,1.0,1.0,-0.8196663856506348
2022-09-15,7059.123093080459,0,0.99,0.9911340624094009,1.0,1.0,-0.773187518119812
2022-09-16,7100.140339235579,2,0.99,-0.8846389776468276,1.0,1.0,-0.9036757349967957
2022-09-19,7158.924670500154,0,0.99,0.9904180210828781,1.0,1.0,-0.9163957834243774
2022-09-20,7035.232595536592,0,0.99,0.9916711676120757,1.0,1.0,-0.6657664775848389
2022-09-21,6976.62469744471,0,0.99,0.990749072432518,1.0,1.0,-0.8501855134963989
2022-09-22,6860.813932580881,0,0.99,0.9907424211502075,1.0,1.0,-0.8515157699584961
2022-09-23,6793.565028676277,0,0.99,0.9915040713548661,1.0,1.0,-0.6991857290267944
2022-09-26,6776.366126132263,0,0.99,0.9911204302310943,1.0,1.0,-0.7759139537811279
2022-09-27,6896.793657714655,2,0.99,-0.7389645099639892,1.0,1.0,-0.7565298080444336
2022-09-28,6991.328934236999,0,0.99,0.9900739467144012,1.0,1.0,-0.985210657119751
2022-09-29,6884.284484058538,0,0.99,0.9911244571208954,1.0,1.0,-0.7751085758209229
2022-09-30,7051.979382805059,2,0.99,-0.8165883147716522,1.0,1.0,-0.8349376916885376
2022-10-03,6872.861561123274,2,0.99,-0.9128741788864135,1.0,1.0,-0.9321961402893066
2022-10-04,6874.383314455379,0,0.99,0.9910746338963509,1.0,1.0,-0.7850732207298279
2022-10-05,6804.0995452476345,0,0.99,0.9907443755865097,1.0,1.0,-0.8511248826980591
2022-10-06,6616.055069704044,0,0.99,0.9918925872445107,1.0,1.0,-0.6214825510978699
2022-10-07,6565.945698662325,0,0.99,0.9914701873064041,1.0,1.0,-0.7059625387191772
2022-10-10,6524.714151365702,0,0.99,0.9909278500080109,1.0,1.0,-0.8144299983978271
2022-10-11,6503.387346307838,0,0.99,0.9911289173364639,1.0,1.0,-0.7742165327072144
2022-10-12,6662.1589895646375,2,0.99,-0.7521123337745667,1.0,1.0,-0.7698104381561279
2022-10-13,6764.735814549678,0,0.99,0.9906090953946114,1.0,1.0,-0.8781809210777283
2022-10-14,6925.091508933456,2,0.99,-0.7603484588861465,1.0,1.0,-0.7781297564506531
2022-10-17,6862.8444328961505,2,0.99,-0.8151643192768097,1.0,1.0,-0.8334993124008179
2022-10-18,6890.092793602706,0,0.99,0.9909798628091812,1.0,1.0,-0.8040274381637573
2022-10-19,6832.836691883142,0,0.99,0.9911216986179352,1.0,1.0,-0.7756602764129639
2022-10-20,6984.764692661418,2,0.99,-0.8594979512691497,1.0,1.0,-0.878280758857727
2022-10-21,6910.76496960062,2,0.99,-0.7823859870433807,1.0,1.0,-0.8003898859024048
2022-10-24,6824.3288116363165,2,0.99,-0.7962465167045593,1.0,1.0,-0.8143904209136963
2022-10-25,6853.074163186152,0,0.99,0.9906576883792877,1.0,1.0,-0.868462324142456
2022-10-26,6816.820511455103,0,0.99,0.990615621805191,1.0,1.0,-0.876875638961792
2022-10-27,6965.440019667693,2,0.99,-0.7748819816112518,1.0,1.0,-0.7928100824356079
2022-10-28,6992.1298023079435,0,0.99,0.9904440081119538,1.0,1.0,-0.9111983776092529
2022-10-31,6961.823536283165,0,0.99,0.9906230622529983,1.0,1.0,-0.8753875494003296
2022-11-01,6788.743644661677,0,0.99,0.9910467422008514,1.0,1.0,-0.7906515598297119
2022-11-02,6719.466856614056,0,0.99,0.9909877353906631,1.0,1.0,-0.8024529218673706
2022-11-03,6802.845290908722,2,0.99,-0.8639986550807953,1.0,1.0,-0.8828269243240356
2022-11-04,6746.608980140329,2,0.99,-0.8660356318950653,1.0,1.0,-0.8848844766616821
2022-11-07,6714.998919457355,2,0.99,-0.8788767290115356,1.0,1.0,-0.897855281829834
2022-11-08,6824.025555319543,0,0.99,0.9914709883928299,1.0,1.0,-0.705802321434021
2022-11-09,7184.145386336936,2,0.99,-0.721737185716629,1.0,1.0,-0.7391284704208374
2022-11-10,7132.122021591752,2,0.99,-0.9777828699350357,1.0,1.0,-0.9977604746818542
2022-11-11,7177.408041254114,0,0.99,0.9904303526878356,1.0,1.0,-0.9139294624328613
2022-11-14,7224.936918313263,2,0.99,-0.8348694145679474,1.0,1.0,-0.8534034490585327
2022-11-15,7257.75812076028,0,0.99,0.9912502574920654,1.0,1.0,-0.7499485015869141
2022-11-16,7235.741730850986,0,0.99,0.9909245523810386,1.0,1.0,-0.8150895237922668
2022-11-17,7255.09107577114,2,0.99,-0.834195418357849,1.0,1.0,-0.8527226448059082
2022-11-18,7263.857868859183,0,0.99,0.9906580570340157,1.0,1.0,-0.8683885931968689
2022-11-21,7346.483354646524,2,0.99,-0.9656945455074311,1.0,1.0,-0.985550045967102
2022-11-22,7301.499610505219,2,0.99,-0.9280022132396698,1.0,1.0,-0.9474769830703735
2022-11-23,7289.005243212538,1,0.99,0.9907535335421562,1.0,1.0,-0.8492932915687561
2022-11-25,7173.769713537642,0,0.99,0.9907127797603608,1.0,1.0,-0.8574440479278564
2022-11-28,7161.556651157447,1,0.99,0.9915820074081421,1.0,1.0,-0.683598518371582
2022-11-29,7371.973768430892,2,0.99,-0.862269231081009,1.0,1.0,-0.8810800313949585
2022-11-30,7362.9920003423385,1,0.99,0.9906553366780281,1.0,1.0,-0.8689326643943787
2022-12-01,7354.576117627855,1,0.99,0.9905334994196892,1.0,1.0,-0.8933001160621643
2022-12-02,7223.52191468124,0,0.99,0.99,1.0,1.0,-1.0
2022-12-05,7120.430304070729,0,0.99,0.9910608360171318,1.0,1.0,-0.7878327965736389
2022-12-06,7108.417752856097,1,0.99,0.992136404812336,1.0,1.0,-0.5727190375328064
2022-12-07,7151.023742569201,2,0.99,-0.7864296102523803,1.0,1.0,-0.8044743537902832
2022-12-08,7180.326549019951,0,0.99,0.9907852536439895,1.0,1.0,-0.8429492712020874
2022-12-09,7270.080751501556,2,0.99,-0.7936786985397338,1.0,1.0,-0.8117966651916504
2022-12-12,7225.607971439462,2,0.99,-0.6844666469097137,1.0,1.0,-0.7014814615249634
2022-12-13,7245.128867680864,0,0.99,0.9900666746497154,1.0,1.0,-0.9866650700569153
2022-12-14,7069.662184061461,0,0.99,0.9900418400764466,1.0,1.0,-0.9916319847106934
2022-12-15,6987.016908601653,0,0.99,0.9914982169866562,1.0,1.0,-0.7003566026687622
2022-12-16,6928.267186079627,0,0.99,0.990580045580864,1.0,1.0,-0.8839908838272095
2022-12-19,6937.653113948042,1,0.99,0.9912810644507408,1.0,1.0,-0.7437871098518372
2022-12-20,7026.817848879797,2,0.99,-0.9784243524074554,1.0,1.0,-0.9984084367752075
2022-12-21,7111.066170360706,0,0.99,0.9903394603729248,1.0,1.0,-0.9321079254150391
2022-12-22,7139.5360731319615,2,0.99,-0.7028890722990035,1.0,1.0,-0.7200899720191956
2022-12-23,7147.23790308641,0,0.99,0.9903545582294464,1.0,1.0,-0.9290883541107178
2022-12-27,7059.266720624924,0,0.99,0.9908308744430542,1.0,1.0,-0.8338251113891602
2022-12-28,7172.79280907992,2,0.99,-0.7626321506500244,1.0,1.0,-0.7804365158081055
2022-12-29,7174.626428127786,0,0.99,0.9906236693263054,1.0,1.0,-0.8752661347389221
2022-12-30,7144.7043506536875,0,0.99,0.9907978743314743,1.0,1.0,-0.8404251337051392
2023-01-03,7186.375671405107,2,0.99,-0.8258412760496139,1.0,1.0,-0.8442841172218323
2023-01-04,7241.0584691170225,0,0.99,0.9906051105260849,1.0,1.0,-0.87897789478302
2023-01-05,7392.642582560652,2,0.99,-0.7922102695703507,1.0,1.0,-0.8103134036064148
2023-01-06,7382.7831299912505,1,0.99,0.9905909165740013,1.0,1.0,-0.8818166851997375
2023-01-09,7420.854661313362,2,0.99,-0.7994181698560715,1.0,1.0,-0.8175941109657288
2023-01-10,7344.694766521715,2,0.99,-0.9515615731477737,1.0,1.0,-0.9712743163108826
2023-01-11,7317.833106237377,2,0.99,-0.7587599474191665,1.0,1.0,-0.7765251994132996
2023-01-12,7294.672492789229,2,0.99,-0.98,1.0,1.0,-1.0
2023-01-13,7293.390634205562,1,0.99,0.9909510099887848,1.0,1.0,-0.809798002243042
2023-01-17,7179.279725158178,0,0.99,0.9904564267396927,1.0,1.0,-0.9087146520614624
2023-01-18,7127.508554173396,0,0.99,0.9913587027788162,1.0,1.0,-0.7282594442367554
2023-01-19,7245.9924540955135,2,0.99,-0.8533507895469665,1.0,1.0,-0.8720715045928955
2023-01-20,7171.711134022219,2,0.99,-0.8657168674468994,1.0,1.0,-0.8845624923706055
2023-01-23,7165.057085190651,1,0.99,0.991321197450161,1.0,1.0,-0.735760509967804
2023-01-24,7167.714141161338,1,0.99,0.9906606251001357,1.0,1.0,-0.8678749799728394
2023-01-25,7231.929483208147,2,0.99,-0.9381509840488433,1.0,1.0,-0.9577282667160034
2023-01-26,7202.387024404614,1,0.99,0.9912370058894158,1.0,1.0,-0.7525988221168518
2023-01-27,7112.805652525354,0,0.99,0.9904213419556618,1.0,1.0,-0.9157316088676453
2023-01-30,7203.444178863465,2,0.99,-0.8290793138742447,1.0,1.0,-0.8475548624992371
2023-01-31,7139.491031441124,2,0.99,-0.8958080071210861,1.0,1.0,-0.914957582950592
2023-02-01,7045.790975991691,2,0.99,-0.98,1.0,1.0,-1.0
2023-02-02,7105.291516180266,0,0.99,0.9915121585130692,1.0,1.0,-0.6975682973861694
2023-02-03,7062.229250248924,0,0.99,0.9904514729976654,1.0,1.0,-0.909705400466919
2023-02-06,7140.764328196111,2,0.99,-0.8430343163013458,1.0,1.0,-0.861650824546814
2023-02-07,7193.499578144755,0,0.99,0.9904118710756302,1.0,1.0,-0.9176257848739624
2023-02-08,7131.731613618523,0,0.99,0.991179204583168,1.0,1.0,-0.764159083366394
2023-02-09,7148.219544748734,1,0.99,0.9921797439455986,1.0,1.0,-0.5640512108802795
2023-02-10,7218.07102321956,2,0.99,-0.8831167328357696,1.0,1.0,-0.9021381139755249
2023-02-13,7207.477874963235,1,0.99,0.9907946050167084,1.0,1.0,-0.8410789966583252
2023-02-14,7230.662396704643,1,0.99,0.9900611555576324,1.0,1.0,-0.9877688884735107
2023-02-15,7132.094597206995,0,0.99,0.9900143247842789,1.0,1.0,-0.9971350431442261
2023-02-16,7114.440189271753,0,0.99,0.9919242879748345,1.0,1.0,-0.6151424050331116
2023-02-17,6972.859051954436,0,0.99,0.9903030380606651,1.0,1.0,-0.9393923878669739
2023-02-21,6963.329035261773,1,0.99,0.9922071543335914,1.0,1.0,-0.5585691332817078
2023-02-22,6986.941849794471,2,0.99,-0.8947845029830932,1.0,1.0,-0.9139237403869629
2023-02-23,7040.552491422336,0,0.99,0.9906179565191269,1.0,1.0,-0.8764086961746216
2023-02-24,7064.300495788843,1,0.99,0.9915109419822693,1.0,1.0,-0.6978116035461426
2023-02-27,7038.403803493348,0,0.99,0.9903233489394188,1.0,1.0,-0.9353302121162415
2023-02-28,7011.664704259191,0,0.99,0.9905329844355583,1.0,1.0,-0.8934031128883362
2023-03-01,7052.882212456762,2,0.99,-0.8346801149845123,1.0,1.0,-0.8532122373580933
2023-03-02,6957.5090285032575,2,0.99,-0.9708220386505126,1.0,1.0,-0.9907293319702148
2023-03-03,6939.1836500618,1,0.99,0.9905959996581077,1.0,1.0,-0.8808000683784485
2023-03-06,6833.815136490097,0,0.99,0.9904078644514084,1.0,1.0,-0.9184271097183228
2023-03-07,6844.8503294645425,1,0.99,0.9919256842136382,1.0,1.0,-0.6148631572723389
2023-03-08,6719.573926739844,0,0.99,0.9903481638431549,1.0,1.0,-0.9303672313690186
2023-03-09,6623.534424912397,0,0.99,0.9925689439475536,1.0,1.0,-0.48621121048927307
2023-03-10,6614.155606357128,1,0.99,0.9913350784778595,1.0,1.0,-0.7329843044281006
2023-03-13,6711.291672269087,2,0.99,-0.7095106041431427,1.0,1.0,-0.7267783880233765
2023-03-14,6729.667572058405,0,0.99,0.9900494524836541,1.0,1.0,-0.9901095032691956
2023-03-15,6835.503011595735,2,0.99,-0.6539308774471283,1.0,1.0,-0.6706372499465942
2023-03-16,6876.530435004238,0,0.99,0.99,1.0,1.0,-1.0
2023-03-17,6931.13895085252,2,0.99,-0.5879355430603027,1.0,1.0,-0.6039752960205078
2023-03-20,6874.913917384733,2,0.99,-0.98,1.0,1.0,-1.0
2023-03-21,6976.219951198426,0,0.99,0.99,1.0,1.0,-1.0
2023-03-22,6994.880123403343,1,0.99,0.9915367233753204,1.0,1.0,-0.6926553249359131
2023-03-23,7027.961200862905,2,0.99,-0.7856539422273636,1.0,1.0,-0.8036908507347107
2023-03-24,7005.1504412741615,1,0.99,0.990994223356247,1.0,1.0,-0.8011553287506104
2023-03-27,6989.561660220109,0,0.99,0.9900759637355805,1.0,1.0,-0.9848072528839111
2023-03-28,7076.739005935222,2,0.99,-0.9279775476455688,1.0,1.0,-0.9474520683288574
2023-03-29,7037.859884283829,2,0.99,-0.8676088011264801,1.0,1.0,-0.886473536491394
2023-03-30,6951.617132339207,2,0.99,-0.8421222794055938,1.0,1.0,-0.8607295751571655
2023-03-31,6928.965792578003,2,0.99,-0.8915750843286514,1.0,1.0,-0.9106819033622742
2023-04-03,6950.201998876383,0,0.99,0.9902674043178559,1.0,1.0,-0.946519136428833
2023-04-04,6932.17842029973,0,0.99,0.9907671427726745,1.0,1.0,-0.8465714454650879
2023-04-05,6945.7149416054335,2,0.99,-0.9215347528457641,1.0,1.0,-0.9409441947937012
2023-04-06,6925.863109991419,1,0.99,0.990794785618782,1.0,1.0,-0.8410428762435913
2023-04-10,6927.705758793089,1,0.99,0.9908875411748886,1.0,1.0,-0.8224917650222778
2023-04-11,6899.724264359486,0,0.99,0.9907313680648804,1.0,1.0,-0.8537263870239258
2023-04-12,6977.405920345884,2,0.99,-0.9101243782043457,1.0,1.0,-0.9294185638427734
2023-04-13,6979.658000364543,0,0.99,0.9902263426780701,1.0,1.0,-0.9547314643859863
2023-04-14,6990.7068125636515,2,0.99,-0.98,1.0,1.0,-1.0
2023-04-17,6972.4603511235955,1,0.99,0.9908883506059647,1.0,1.0,-0.8223298788070679
2023-04-18,6971.29300672249,1,0.99,0.9908223450183868,1.0,1.0,-0.8355309963226318
2023-04-19,6933.592301670672,0,0.99,0.99,1.0,1.0,-1.0
2023-04-20,6938.91742928935,1,0.99,0.9912084817886353,1.0,1.0,-0.7583036422729492
2023-04-21,6946.086620176032,1,0.99,0.9903941085934639,1.0,1.0,-0.9211782813072205
2023-04-24,6836.881915604207,0,0.99,0.99,1.0,1.0,-1.0
2023-04-25,6808.203767591119,0,0.99,0.9913310539722443,1.0,1.0,-0.7337892055511475
2023-04-26,6929.894002969253,2,0.99,-0.8702178663015365,1.0,1.0,-0.8891089558601379
2023-04-27,6877.661459796973,2,0.99,-0.98,1.0,1.0,-1.0
2023-04-28,6870.917955696126,1,0.99,0.9901605349779129,1.0,1.0,-0.9678930044174194
2023-05-01,6794.4530295364875,0,0.99,0.9902171900868416,1.0,1.0,-0.9565619826316833
2023-05-02,6748.263752663555,0,0.99,0.9914249935746193,1.0,1.0,-0.7150012850761414
2023-05-03,6700.873941980644,0,0.99,0.9909418088197708,1.0,1.0,-0.8116382360458374
2023-05-04,6812.027526858714,2,0.99,-0.7659264826774597,1.0,1.0,-0.783764123916626
2023-05-05,6798.675243240506,1,0.99,0.99,1.0,1.0,-1.0
2023-05-08,6769.157701630957,0,0.99,0.9900589117407799,1.0,1.0,-0.9882176518440247
2023-05-09,6787.915113242086,2,0.99,-0.8647805780172347,1.0,1.0,-0.8836167454719543
2023-05-10,6785.556106093655,1,0.99,0.9907963263988495,1.0,1.0,-0.8407347202301025
2023-05-11,6776.746808842595,1,0.99,0.990925961136818,1.0,1.0,-0.8148077726364136
2023-05-12,6799.913961284541,1,0.99,0.9910367515683174,1.0,1.0,-0.7926496863365173
2023-05-15,6754.873850173953,0,0.99,0.9902824759483337,1.0,1.0,-0.943504810333252
2023-05-16,6823.646745329415,2,0.99,-0.8495165288448333,1.0,1.0,-0.8681985139846802
2023-05-17,6766.91446901659,2,0.99,-0.98,1.0,1.0,-1.0
2023-05-18,6763.2292848576835,1,0.99,0.9905683037638664,1.0,1.0,-0.8863392472267151
2023-05-19,6765.94358234265,1,0.99,0.9914112606644631,1.0,1.0,-0.7177478671073914
2023-05-22,6690.655977474043,0,0.99,0.9903874629735947,1.0,1.0,-0.9225074052810669
2023-05-23,6642.6427927687355,0,0.99,0.9913713347911834,1.0,1.0,-0.7257330417633057
2023-05-24,6688.303740704318,2,0.99,-0.7200126004219055,1.0,1.0,-0.7373864650726318
2023-05-25,6624.969996175967,2,0.99,-0.8646216678619385,1.0,1.0,-0.8834562301635742
2023-05-26,6610.498084785749,1,0.99,0.9905960875749588,1.0,1.0,-0.8807824850082397
2023-05-30,6574.186078201064,0,0.99,0.990448209643364,1.0,1.0,-0.9103580713272095
2023-05-31,6623.564987332119,2,0.99,-0.9086164724826813,1.0,1.0,-0.9278954267501831
2023-06-01,6536.060335525156,2,0.99,-0.98,1.0,1.0,-1.0
2023-06-02,6535.456493899053,1,0.99,0.9902677005529403,1.0,1.0,-0.9464598894119263
2023-06-05,6549.547470193923,1,0.99,0.9902580544352532,1.0,1.0,-0.9483891129493713
2023-06-06,6527.121002861772,0,0.99,0.99,1.0,1.0,-1.0
2023-06-07,6553.346821542973,2,0.99,-0.98,1.0,1.0,-1.0
2023-06-08,6528.909337051297,1,0.99,0.9905376547574997,1.0,1.0,-0.892469048500061
2023-06-09,6574.713395669064,2,0.99,-0.98,1.0,1.0,-1.0
2023-06-12,6531.157807010105,2,0.99,-0.8163128626346587,1.0,1.0,-0.8346594572067261
2023-06-13,6513.006791781221,1,0.99,0.9907673698663712,1.0,1.0,-0.846526026725769
2023-06-14,6580.171699057597,2,0.99,-0.98,1.0,1.0,-1.0
2023-06-15,6589.168333890121,0,0.99,0.9908951929211617,1.0,1.0,-0.8209614157676697
2023-06-16,6555.287868203616,0,0.99,0.99,1.0,1.0,-1.0
2023-06-20,6522.03589547597,0,0.99,0.99,1.0,1.0,-1.0
2023-06-21,6532.495001648314,2,0.99,-0.98,1.0,1.0,-1.0
2023-06-22,6568.024099238009,0,0.99,0.99,1.0,1.0,-1.0
2023-06-23,6541.456172045981,0,0.99,0.9902243423461914,1.0,1.0,-0.9551315307617188
2023-06-26,6599.583660413374,2,0.99,-0.98,1.0,1.0,-1.0
2023-06-27,6583.31692882538,1,0.99,0.9906514942646026,1.0,1.0,-0.8697011470794678
2023-06-28,6596.048312248886,2,0.99,-0.98,1.0,1.0,-1.0
2023-06-29,6519.747214776113,2,0.99,-0.9770312184095382,1.0,1.0,-0.9970012307167053
2023-06-30,6499.587590779557,1,0.99,0.9910760879516601,1.0,1.0,-0.7847824096679688
2023-07-03,6490.003723426463,1,0.99,0.9902466267347336,1.0,1.0,-0.9506746530532837
2023-07-05,6439.677509148287,0,0.99,0.9901559004187583,1.0,1.0,-0.9688199162483215
2023-07-06,6423.57423321074,0,0.99,0.9907815760374069,1.0,1.0,-0.8436847925186157
2023-07-07,6439.679023846543,1,0.99,0.99,1.0,1.0,-1.0
2023-07-10,6467.593314893313,2,0.99,-0.98,1.0,1.0,-1.0
2023-07-11,6416.317786835525,2,0.99,-0.9370341283082961,1.0,1.0,-0.9566001296043396
2023-07-12,6368.322758929606,2,0.99,-0.98,1.0,1.0,-1.0
2023-07-13,6359.657659817768,1,0.99,0.9911549177765846,1.0,1.0,-0.769016444683075
2023-07-14,6381.538027158707,1,0.99,0.9901253095269203,1.0,1.0,-0.9749380946159363
2023-07-17,6415.915857435027,2,0.99,-0.98,1.0,1.0,-1.0
2023-07-18,6389.290207171842,1,0.99,0.9906580182909965,1.0,1.0,-0.8683963418006897
2023-07-19,6347.294871872983,0,0.99,0.9904268556833267,1.0,1.0,-0.9146288633346558
2023-07-20,6347.293597434528,1,0.99,0.9906276401877403,1.0,1.0,-0.8744719624519348
2023-07-21,6362.875700403839,2,0.99,-0.98,1.0,1.0,-1.0
2023-07-24,6333.313255316923,1,0.99,0.9908234253525734,1.0,1.0,-0.835314929485321
2023-07-25,6334.27519739938,1,0.99,0.9903914391994476,1.0,1.0,-0.9217121601104736
2023-07-26,6292.680840497842,0,0.99,0.99,1.0,1.0,-1.0
2023-07-27,6342.428099561754,2,0.99,-0.79670483648777,1.0,1.0,-0.8148533701896667
2023-07-28,6321.47160475589,1,0.99,0.9903193950653076,1.0,1.0,-0.9361209869384766
2023-07-31,6303.554783222665,0,0.99,0.99,1.0,1.0,-1.0
2023-08-01,6216.7423962544235,0,0.99,0.9902315172553062,1.0,1.0,-0.9536965489387512
2023-08-02,6199.096147971667,0,0.99,0.9908894738554954,1.0,1.0,-0.8221052289009094
2023-08-03,6171.309374637437,0,0.99,0.99,1.0,1.0,-1.0
2023-08-04,6213.814769143794,2,0.99,-0.7636055564880371,1.0,1.0,-0.7814197540283203
2023-08-07,6223.551844371873,0,0.99,0.9900578087568283,1.0,1.0,-0.9884382486343384
2023-08-08,6182.358725656852,0,0.99,0.9902111983299255,1.0,1.0,-0.9577603340148926
2023-08-09,6184.551897453601,1,0.99,0.990978575348854,1.0,1.0,-0.804284930229187
2023-08-10,6180.9774725774505,1,0.99,0.9910143446922303,1.0,1.0,-0.7971310615539551
2023-08-11,6202.60744348513,2,0.99,-0.98,1.0,1.0,-1.0
2023-08-14,6261.196522075004,0,0.99,0.9900637060403824,1.0,1.0,-0.987258791923523
2023-08-15,6215.69758123438,0,0.99,0.9916487050056457,1.0,1.0,-0.6702589988708496
2023-08-16,6168.724562797513,0,0.99,0.9907256534695625,1.0,1.0,-0.8548693060874939
2023-08-17,6171.6588548013515,1,0.99,0.991874194741249,1.0,1.0,-0.6251610517501831
2023-08-18,6199.406003692022,2,0.99,-0.9656299901008606,1.0,1.0,-0.9854848384857178
2023-08-21,6203.494202500452,0,0.99,0.9904107573628426,1.0,1.0,-0.917848527431488
2023-08-22,6260.059006080641,2,0.99,-0.9223311918973922,1.0,1.0,-0.9417486786842346
2023-08-23,6328.10626312367,0,0.99,0.9903175082802772,1.0,1.0,-0.9364983439445496
2023-08-24,6361.6860880022605,2,0.99,-0.684784762263298,1.0,1.0,-0.7018027901649475
2023-08-25,6332.182561697713,2,0.99,-0.98,1.0,1.0,-1.0
2023-08-28,6242.482850730648,2,0.99,-0.98,1.0,1.0,-1.0
2023-08-29,6217.285699970301,2,0.99,-0.98,1.0,1.0,-1.0
2023-08-30,6213.9506928059145,1,0.99,0.990521340072155,1.0,1.0,-0.8957319855690002
2023-08-31,6225.429129174671,1,0.99,0.990160599052906,1.0,1.0,-0.9678801894187927
2023-09-01,6198.786726147348,0,0.99,0.99,1.0,1.0,-1.0
2023-09-05,6157.531976694518,0,0.99,0.9901204055547714,1.0,1.0,-0.9759188890457153
2023-09-06,6138.811739677656,0,0.99,0.9903580912947655,1.0,1.0,-0.9283817410469055
2023-09-07,6147.968359779632,1,0.99,0.9903066620230675,1.0,1.0,-0.9386675953865051
2023-09-08,6175.895822326202,2,0.99,-0.98,1.0,1.0,-1.0
2023-09-11,6196.928389659865,0,0.99,0.9902213007211685,1.0,1.0,-0.9557398557662964
2023-09-12,6204.079253857254,1,0.99,0.9908330503106118,1.0,1.0,-0.833389937877655
2023-09-13,6244.854945546025,2,0.99,-0.98,1.0,1.0,-1.0
2023-09-14,6306.28722470326,0,0.99,0.99,1.0,1.0,-1.0
2023-09-15,6309.938439720965,1,0.99,0.9915332370996475,1.0,1.0,-0.6933525800704956
2023-09-18,6296.953777498665,0,0.99,0.99,1.0,1.0,-1.0
2023-09-19,6239.641816051899,0,0.99,0.9901499080657958,1.0,1.0,-0.9700183868408203
2023-09-20,6137.520970080381,0,0.99,0.9910951876640319,1.0,1.0,-0.7809624671936035
2023-09-21,6123.8375750376845,0,0.99,0.9921040385961533,1.0,1.0,-0.5791922807693481
2023-09-22,6137.661989170793,2,0.99,-0.9223006844520568,1.0,1.0,-0.9417178630828857
2023-09-25,6209.0848423909265,0,0.99,0.9906306195259094,1.0,1.0,-0.8738760948181152
2023-09-26,6211.532595582211,1,0.99,0.9918997919559479,1.0,1.0,-0.6200416088104248
2023-09-27,6235.462606649135,2,0.99,-0.9061091971397399,1.0,1.0,-0.9253628253936768
2023-09-28,6237.348866098784,0,0.99,0.9903888034820556,1.0,1.0,-0.9222393035888672
2023-09-29,6234.883957698633,1,0.99,0.9915146839618683,1.0,1.0,-0.6970632076263428
2023-10-02,6152.127065564228,0,0.99,0.9907486605644226,1.0,1.0,-0.8502678871154785
2023-10-03,6186.603406552411,2,0.99,-0.619909588098526,1.0,1.0,-0.6362723112106323
2023-10-04,6178.0874374845835,1,0.99,0.9901847410202026,1.0,1.0,-0.9630517959594727
2023-10-05,6239.013712142087,2,0.99,-0.9044208431243896,1.0,1.0,-0.9236574172973633
2023-10-06,6202.538555662031,2,0.99,-0.9604401838779449,1.0,1.0,-0.9802426099777222
2023-10-09,6171.411916250296,2,0.99,-0.98,1.0,1.0,-1.0
2023-10-10,6146.248686179241,2,0.99,-0.9171106421947479,1.0,1.0,-0.936475396156311
2023-10-11,6168.890275880637,0,0.99,0.9902202758193016,1.0,1.0,-0.955944836139679
2023-10-12,6138.4605728169945,0,0.99,0.9908710619807243,1.0,1.0,-0.8257876038551331
2023-10-13,6193.081952316102,2,0.99,-0.5362561666965484,1.0,1.0,-0.5517739057540894
2023-10-16,6183.7816117335915,1,0.99,0.990072338283062,1.0,1.0,-0.9855323433876038
2023-10-17,6102.1954789639085,0,0.99,0.9909161183238029,1.0,1.0,-0.8167763352394104
2023-10-18,6049.063237303601,0,0.99,0.9912342500686645,1.0,1.0,-0.7531499862670898
2023-10-19,5975.380952569537,0,0.99,0.991758217215538,1.0,1.0,-0.648356556892395
2023-10-20,5965.109392909222,1,0.99,0.9915822541713715,1.0,1.0,-0.683549165725708
2023-10-23,5998.055606184285,2,0.99,-0.9611396718025207,1.0,1.0,-0.9809491634368896
2023-10-24,6069.091038378355,0,0.99,0.9904139024019242,1.0,1.0,-0.9172195196151733
2023-10-25,5997.108601105477,0,0.99,0.9912178438901901,1.0,1.0,-0.7564312219619751
2023-10-26,5970.158336688342,0,0.99,0.9903612142801285,1.0,1.0,-0.9277571439743042
2023-10-27,6030.453636141884,2,0.99,-0.7508527362346649,1.0,1.0,-0.7685381174087524
2023-10-30,6000.927758922292,2,0.99,-0.9315238463878631,1.0,1.0,-0.9510341882705688
2023-10-31,5941.020664284265,2,0.99,-0.98,1.0,1.0,-1.0
2023-11-01,5829.4179215652985,2,0.99,-0.975963870882988,1.0,1.0,-0.9959231019020081
2023-11-02,5777.488583150892,2,0.99,-0.98,1.0,1.0,-1.0
2023-11-03,5753.079296617548,1,0.99,0.9905114814639091,1.0,1.0,-0.8977037072181702
2023-11-06,5769.2963662637585,1,0.99,0.9903034633398056,1.0,1.0,-0.9393073320388794
2023-11-07,5773.480614013952,1,0.99,0.9904319509863854,1.0,1.0,-0.9136098027229309
2023-11-08,5728.883001036064,0,0.99,0.99,1.0,1.0,-1.0
2023-11-09,5806.65694335645,2,0.99,-0.8829242467880248,1.0,1.0,-0.9019436836242676
2023-11-10,5800.666530641751,1,0.99,0.9902636647224426,1.0,1.0,-0.9472670555114746
2023-11-13,5900.679072910584,2,0.99,-0.98,1.0,1.0,-1.0
2023-11-14,5876.809390619848,1,0.99,0.9904947817325592,1.0,1.0,-0.9010436534881592
2023-11-15,5883.928550772406,1,0.99,0.9905209201574325,1.0,1.0,-0.8958159685134888
2023-11-16,5891.176637915767,1,0.99,0.990758241713047,1.0,1.0,-0.8483516573905945
2023-11-17,5924.4954468073365,2,0.99,-0.98,1.0,1.0,-1.0
2023-11-20,5925.478470310448,0,0.99,0.99,1.0,1.0,-1.0
2023-11-21,5936.454352280687,2,0.99,-0.98,1.0,1.0,-1.0
2023-11-22,5921.176886238596,1,0.99,0.990553837120533,1.0,1.0,-0.8892325758934021
2023-11-24,5910.610908099887,1,0.99,0.99,1.0,1.0,-1.0
2023-11-27,5916.404829038149,1,0.99,0.99,1.0,1.0,-1.0
2023-11-28,5912.2834007353395,1,0.99,0.9902034622430801,1.0,1.0,-0.9593075513839722
2023-11-29,5923.68679324156,2,0.99,-0.98,1.0,1.0,-1.0
2023-11-30,5889.344173749595,2,0.99,-0.98,1.0,1.0,-1.0
2023-12-01,5908.039562418269,0,0.99,0.990000464618206,1.0,1.0,-0.9999070763587952
2023-12-04,5906.884723418382,1,0.99,0.9902577576041222,1.0,1.0,-0.9484484791755676
2023-12-05,5883.312012492734,0,0.99,0.99,1.0,1.0,-1.0
2023-12-06,5916.165468162878,2,0.99,-0.98,1.0,1.0,-1.0
2023-12-07,5891.23977401128,2,0.99,-0.98,1.0,1.0,-1.0
2023-12-08,5868.783643209438,2,0.99,-0.98,1.0,1.0,-1.0
2023-12-11,5842.5158339910695,2,0.99,-0.98,1.0,1.0,-1.0
2023-12-12,5763.5579517844135,2,0.99,-0.98,1.0,1.0,-1.0
2023-12-13,5734.071680018995,1,0.99,0.990755395591259,1.0,1.0,-0.8489208817481995
2023-12-14,5724.716283691801,1,0.99,0.9907255005836487,1.0,1.0,-0.8548998832702637
2023-12-15,5745.338094557648,2,0.99,-0.98,1.0,1.0,-1.0
2023-12-18,5711.099796515884,2,0.99,-0.98,1.0,1.0,-1.0
2023-12-19,5777.405581733324,0,0.99,0.9901792871952056,1.0,1.0,-0.9641425609588623
2023-12-20,5820.960355655207,2,0.99,-0.8598666960000991,1.0,1.0,-0.8786532282829285
2023-12-21,5800.126785812188,1,0.99,0.9911843571066856,1.0,1.0,-0.7631285786628723
2023-12-22,5812.969349421791,2,0.99,-0.98,1.0,1.0,-1.0
2023-12-26,5791.2157831013765,1,0.99,0.9903321832418441,1.0,1.0,-0.9335633516311646
